{
  "2": {
    "collapse_rate": 0.575,
    "n_collapsed": 23,
    "median_collapse_epoch": 178.0,
    "mean_final_cos": 0.515588126849383,
    "epochs": [
      243,
      251,
      null,
      null,
      null,
      null,
      null,
      null,
      null,
      230,
      196,
      148,
      64,
      102,
      256,
      134,
      null,
      214,
      101,
      null,
      null,
      null,
      138,
      198,
      203,
      234,
      null,
      126,
      186,
      178,
      null,
      152,
      null,
      120,
      81,
      143,
      null,
      null,
      null,
      212
    ],
    "finals": [
      0.542208354473114,
      0.43713034927845,
      0.7507512629032135,
      0.5136335682868958,
      0.8270878028869629,
      0.8002975583076477,
      0.8195977067947388,
      0.7863306140899659,
      0.8078918552398682,
      0.3537119662761688,
      0.43434175312519074,
      0.3357165080308914,
      0.488717285990715,
      0.30282189190387726,
      0.48385425329208376,
      0.33743279308080676,
      0.7567875730991364,
      0.7067481034994125,
      0.17989181026816367,
      0.7812797379493713,
      0.7958918285369873,
      0.21459467858076095,
      0.4423932337760925,
      0.3557776165008545,
      0.22888117849826814,
      0.39298523247241973,
      0.5424810481071473,
      0.3291300269961357,
      0.3971696099638939,
      0.39294489204883576,
      0.6404670345783233,
      0.20765787959098816,
      0.4793472200632095,
      0.22365018129348754,
      0.3310733038187027,
      0.267984544634819,
      0.83100182056427,
      0.7591652381420135,
      0.7987314355373383,
      0.5459643214941025
    ]
  },
  "3": {
    "collapse_rate": 0.575,
    "n_collapsed": 23,
    "median_collapse_epoch": 178.0,
    "mean_final_cos": 0.5113563725799322,
    "epochs": [
      243,
      251,
      null,
      null,
      null,
      null,
      null,
      null,
      null,
      230,
      196,
      148,
      64,
      102,
      256,
      134,
      null,
      214,
      101,
      null,
      null,
      null,
      138,
      198,
      203,
      234,
      null,
      126,
      187,
      178,
      null,
      152,
      null,
      120,
      81,
      143,
      null,
      null,
      null,
      212
    ],
    "finals": [
      0.5283785080909729,
      0.4361498445272446,
      0.7449712073802948,
      0.5128316378593445,
      0.8191039681434631,
      0.7863050317764282,
      0.795480831861496,
      0.7644585680961609,
      0.7924620580673217,
      0.34945653259754184,
      0.42500959157943724,
      0.3351068007946014,
      0.4894172900915146,
      0.30294617474079133,
      0.47658924520015716,
      0.33272003442049025,
      0.7496858429908753,
      0.7072896534204482,
      0.20593469649553298,
      0.7637863457202911,
      0.7834047710895539,
      0.23074245005846022,
      0.44633116364479064,
      0.3559889221191406,
      0.23858286380767824,
      0.3823250597715378,
      0.5300954300165176,
      0.33111259013414385,
      0.3879017636179924,
      0.38946148127317426,
      0.6350028324127197,
      0.23290153533220292,
      0.4764820086956024,
      0.23039013147354126,
      0.32942336559295654,
      0.2685717621445656,
      0.8146974587440491,
      0.752675484418869,
      0.7830038070678711,
      0.5370761579275132
    ]
  },
  "5": {
    "collapse_rate": 0.575,
    "n_collapsed": 23,
    "median_collapse_epoch": 179.0,
    "mean_final_cos": 0.49604514317959547,
    "epochs": [
      244,
      251,
      null,
      null,
      null,
      null,
      null,
      null,
      null,
      231,
      197,
      148,
      64,
      102,
      257,
      135,
      null,
      214,
      102,
      null,
      null,
      null,
      139,
      198,
      203,
      235,
      null,
      126,
      190,
      179,
      null,
      153,
      null,
      121,
      81,
      143,
      null,
      null,
      null,
      213
    ],
    "finals": [
      0.48979746222496034,
      0.430067837536335,
      0.711406741142273,
      0.5038338875770569,
      0.776613677740097,
      0.7356929922103882,
      0.7316119682788849,
      0.7044000148773193,
      0.7418128633499146,
      0.337596578001976,
      0.4082323181629181,
      0.333890900015831,
      0.4793160074949265,
      0.3081437277793884,
      0.46236497938632964,
      0.32306973278522494,
      0.7237318301200867,
      0.6828563791513443,
      0.2730367663502693,
      0.7221042716503143,
      0.7429468584060669,
      0.27063594579696654,
      0.44553245067596436,
      0.35795158982276915,
      0.2667758399248123,
      0.35665792018175124,
      0.49557165563106537,
      0.33048933565616606,
      0.3613781224191189,
      0.3800707358121872,
      0.6135899901390076,
      0.3020638391375542,
      0.4596358698606491,
      0.24826173916459082,
      0.32775005578994754,
      0.2668324694037437,
      0.7674838125705719,
      0.7211696708202362,
      0.7432677817344665,
      0.5041591084003448
    ]
  },
  "7": {
    "collapse_rate": 0.525,
    "n_collapsed": 21,
    "median_collapse_epoch": 154.0,
    "mean_final_cos": 0.48952819496765737,
    "epochs": [
      245,
      252,
      null,
      null,
      null,
      null,
      null,
      null,
      null,
      231,
      197,
      149,
      64,
      102,
      258,
      135,
      null,
      215,
      103,
      null,
      null,
      null,
      140,
      199,
      204,
      235,
      null,
      126,
      null,
      180,
      null,
      154,
      null,
      122,
      81,
      145,
      null,
      null,
      null,
      null
    ],
    "finals": [
      0.4598123562335968,
      0.43542566895484924,
      0.6702426934242248,
      0.4991185134649277,
      0.7282102000713349,
      0.6886073863506317,
      0.6829966878890992,
      0.6623146867752076,
      0.7015081512928009,
      0.33288657367229463,
      0.4037378624081612,
      0.34271970748901365,
      0.46544725477695464,
      0.32885768592357634,
      0.46484803915023803,
      0.32882520705461504,
      0.7081508791446686,
      0.647156201004982,
      0.35323509722948077,
      0.6925900459289551,
      0.7093474805355072,
      0.3239542219042778,
      0.44337620854377746,
      0.3727734535932541,
      0.3087654048204422,
      0.3418292137980461,
      0.4755221951007843,
      0.33630854308605196,
      0.34955520182847977,
      0.3803086343407631,
      0.5992779421806336,
      0.38650104105472566,
      0.44552208721637726,
      0.27644802406430247,
      0.3404720556735992,
      0.2712196388840675,
      0.7324457848072052,
      0.6932974135875702,
      0.7191593480110169,
      0.47835300743579867
    ]
  },
  "10": {
    "collapse_rate": 0.5,
    "n_collapsed": 20,
    "median_collapse_epoch": 189.0,
    "mean_final_cos": 0.5051311128325761,
    "epochs": [
      246,
      253,
      null,
      null,
      null,
      null,
      null,
      null,
      null,
      232,
      197,
      150,
      65,
      104,
      259,
      136,
      null,
      216,
      106,
      null,
      null,
      null,
      142,
      200,
      207,
      237,
      null,
      null,
      null,
      181,
      null,
      156,
      null,
      123,
      82,
      220,
      null,
      null,
      null,
      null
    ],