{
  "2": {
    "collapse_rate": 0.3,
    "n_collapsed": 3,
    "median_collapse_epoch": 243.0,
    "mean_final_cos": 0.6638641038537025,
    "epochs": [
      243,
      251,
      null,
      null,
      null,
      null,
      null,
      null,
      null,
      230
    ],
    "finals": [
      0.542208354473114,
      0.43713034927845,
      0.7507512629032135,
      0.5136335682868958,
      0.8270878028869629,
      0.8002975583076477,
      0.8195977067947388,
      0.7863306140899659,
      0.8078918552398682,
      0.3537119662761688
    ]
  },
  "3": {
    "collapse_rate": 0.3,
    "n_collapsed": 3,
    "median_collapse_epoch": 243.0,
    "mean_final_cos": 0.6529598188400269,
    "epochs": [
      243,
      251,
      null,
      null,
      null,
      null,
      null,
      null,
      null,
      230
    ],
    "finals": [
      0.5283785080909729,
      0.4361498445272446,
      0.7449712073802948,
      0.5128316378593445,
      0.8191039681434631,
      0.7863050317764282,
      0.795480831861496,
      0.7644585680961609,
      0.7924620580673217,
      0.34945653259754184
    ]
  },
  "5": {
    "collapse_rate": 0.3,
    "n_collapsed": 3,
    "median_collapse_epoch": 244.0,
    "mean_final_cos": 0.6162834022939204,
    "epochs": [
      244,
      251,
      null,
      null,
      null,
      null,
      null,
      null,
      null,
      231
    ],
    "finals": [
      0.48979746222496034,
      0.430067837536335,
      0.711406741142273,
      0.5038338875770569,
      0.776613677740097,
      0.7356929922103882,
      0.7316119682788849,
      0.7044000148773193,
      0.7418128633499146,
      0.337596578001976
    ]
  },
  "7": {
    "collapse_rate": 0.3,
    "n_collapsed": 3,
    "median_collapse_epoch": 245.0,
    "mean_final_cos": 0.5861122918128967,
    "epochs": [
      245,
      252,
      null,
      null,
      null,
      null,
      null,
      null,
      null,
      231
    ],
    "finals": [
      0.4598123562335968,
      0.43542566895484924,
      0.6702426934242248,
      0.4991185134649277,
      0.7282102000713349,
      0.6886073863506317,
      0.6829966878890992,
      0.6623146867752076,
      0.7015081512928009,
      0.33288657367229463
    ]
  },
  "10": {
    "collapse_rate": 0.3,
    "n_collapsed": 3,
    "median_collapse_epoch": 246.0,
    "mean_final_cos": 0.5706047956943512,
    "epochs": [
      246,
      253,
      null,
      null,
      null,
      null,
      null,
      null,
      null,
      232
    ],
    "finals": [
      0.4471335369348526,
      0.4717666137218475,
      0.6273624432086945,
      0.5061314243078232,
      0.6794625174999237,
      0.6496957945823669,
      0.6572108507156372,
      0.6435712146759033,
      0.6781194603443146,
      0.34559410095214843
    ]
  }
}